date:
    month:
        january: January
        february: February
        march: March
        april: April
        may: May
        june: June
        july: July
        august: August
        september: September
        october: October
        november: November
        december: December
        jan: Jan
        feb: Feb
        mar: Mar
        apr: Apr
        jun: Jun
        jul: Jul
        aug: Aug
        sep: Sep
        oct: Oct
        nov: Nov
        dec: Dec
    day:
        sunday: Sunday
        monday: Monday
        tuesday: Tuesday
        wednesday: Wednesday
        thursday: Thursday
        friday: Friday
        saturday: Saturday
        sun: Sun
        mon: Mon
        tue: Tue
        wed: Wed
        thu: Thu
        fri: Fri
        sat: Sat
